id;path;original_file_name;file_name;content_type;file_size
1;Savings;Sri;Rustic;of;78608
2;back-end Legacy;Card;Data Engineer;Tools TCP;92558
3;Designer;Usability Yuan;Soft Land brand;Car one-to-one;28766
4;Prairie turn-key navigate;GB;systems;Concrete;11491
5;Cotton Liaison;front-end;Shoes;methodology Luxembourg Account;24608
6;Berkshire Pennsylvania synergy;well-modulated;Wells Account input;Ecuador partnerships;9092
7;overriding;Baby;Salad;connect online cross-platform;74822
8;Garden Applications Investment;array;Loan Table Direct;Cambridgeshire quantifying;82792
9;Rupee Health;Clothing Table;Table;pixel Toys Bedfordshire;69339
10;XSS lime Russian;Maryland;Organized;Mauritania synergize connect;86551
